filename,label
dfaf046d38,1
bf7891541c,1
d580615f5f,1
7a569b3064,0
4561f983be,0
02bb3e7d9d,0
76b9e01671,0
e634283451,0
6cbe1f0a09,0
c5bb5713ee,0
128d656c66,1
6ef07e1c45,0
3b96b4d8b6,0
cc923a7acd,0
acd2654182,1
3e963a8b86,0
a1a9b59c1a,1
448efe87af,0
857ec1f14c,0
6e15775d80,0
e67d30d179,1
5ff362170a,1
02cf5aa3f6,0
081931f2ec,0
081c820129,0
f2a6636a59,0
e78689a0f3,0
90c717065e,0
a4614a9f72,1
dcbd3197b4,0
fd355e15fb,0
78ee1e68e4,0
eeac1dfa77,0
2e55f16a22,0
8cdbd94386,0
75377f04e6,0
c6e90ae154,0
4fe213a60e,0
4a1316c032,0
f538440e3c,0
cba7d5966e,1
6ccc1c9e9f,1
7904f7b2a0,0
ae6284de1b,0
46e7e1a319,0
b042155545,1
2af7819958,0
703db4278a,0
6270e85cb5,1
e305315785,0
c98bb600aa,0
88df178cf7,0
93e5988f16,1
351d3255b5,1
102415070c,1
85765d3ca1,1
4cf29e72b1,0
190e9d8e3c,0
1cd202a3cc,0
72cf698d39,0
157c823b27,1
2776c10cf0,0
4ddcee54ae,0
7402c2f56c,0
91cae68878,0
2f49f85045,0
8045cc444b,0
0e01b85a24,0
63ec515b85,0
122d538829,1
881ac1f87c,0
62ce0d8d25,0
4f4dbe5ee2,0
96e7757122,0
6cef588dd0,0
78cceffcf1,0
bd509716e1,0
02cd74218f,0
7502a8b56b,0
210791b6f9,1
96606492b5,0
878faba4bd,0
6760aa4363,0
02e8d2742f,0
71bd285406,0
8958cc0bc6,0
add7598f08,0
6f73b3e2f6,0
50b89b4e3c,0
949af16ff6,1
622a3616ee,0
5c0b53354e,0
286f17f9e7,0
1994af6215,0
460d720b3f,0
dfa992b2c9,1
910a4dd4d6,0
f2851197f8,1
1ab5f078f6,1
420b958f99,0
50803716a6,1
399c236565,0
804e20cbf7,0
829b84e941,1
5a72f9e6c7,0
1695d14ef3,0
d42e1c78a1,0
a11b8324fa,0
7f78a55e0f,0
71a2992a40,0
28631c1846,0
9b4b4287bb,1
03899fa456,0
aa190d2465,0
fcb4495bb5,0
ee4d47bbbd,0
e957da868d,0
47d82b035b,0
2e3485e6c5,0
e8fe9ef6f2,0
a3ea59c62c,0
7ab7d0a16f,0
ddfae03f30,0
493bf9cd78,0
5b4b26aabb,0
085ade34b2,0
3e60c7a852,0
9306e6458e,0
718c0188ef,0
07223e2a2d,0
bfd5d11a56,1
777e005cbf,0
ca4396e9f4,1
2378b9f08d,0
bfdb6396fd,1
87c6213da6,0
302ca5af07,0
2060eea0bd,0
2d71376abc,0
4cb87a60ea,1
759546fe89,1
6a58f3ceb4,0
54fc9b19b5,0
477f2cfe52,0
70d0e33a2d,0
774f4a13f1,0
cf93952124,0
97fd171c61,0
2d118f0f64,0
569f278151,0
aca03293ea,0
564c63132f,1
64f77012ac,0
e9d4bdd5cb,1
0c62321b92,0
c9f572b2ba,0
208e49a691,1
5b99561d7a,0
9108fc72be,0
be95ae6c0b,0
8933f992ef,0
9a7a61f482,1
e7ee57d239,1
7ace18a43b,0
1b6fd8d255,1
6b37836125,0
58410d845e,1
163f52da8a,1
6ae111f642,0
977d91b4bb,0
854f0e9038,0
53bd6ed1ec,1
720bf63ce3,1
1cac8dba16,0
609847bfe2,1
de668efc13,1
2e512523da,0
1908f0cd50,0
6ff047baa3,0
5f8ba20a67,0
790e50b78e,1
7782701dad,0
3037de42a9,0
1cea750ed3,0
ff81fa79d6,0
91f2c70bd1,0
4f315ba876,0
4492c72a6e,0
c1a8e5eafe,1
067b82e422,0
844f1fcfbc,0
21fc1099a6,0
7b78d08992,0
c87573d9ae,0
e0f7f0d989,0
6b604a8156,0
16c163fa19,0
d93a29f33e,0
3a507b8205,0
af606c1d17,1
dfd5e4e007,1
030a18397b,0
270d688ecb,1
406c9ec054,0
89c0c3b109,0
2c3307a4db,0
cc519e5f25,1
909cf011fc,0
85eda14d0e,0
991c958d94,1
d8835e8ec3,1
3ba19b0b0f,0
72b5b93699,1
6ebd8ec2a9,0
635cd02e2e,0
93dde5f0a1,0
5741ecabf4,0
786ae6a1b4,0
19301f3a01,0
3665f8b792,1
fe7dab2602,1
11930cf46b,1
17014b11f1,0
5b40f5fc4c,0
f3fb7e5b57,0
34f65ea2e1,0
eeddc20f03,0
a06d518d21,0
859d2ced68,0
0386e10db3,0
9933598d50,0
6e81cb0f88,0
39b6792a75,0
5e4548010c,0
df4e4ae0e6,0
689169f970,0
ceed1296c1,1
1f78c58a32,0
16ea2bcef7,1
409bf9d436,0
804f11162c,0
2c32f857f3,1
1010f40806,0
695fb1509f,0
a080e2ec9b,1
378fc13e4e,0
769d84c295,0
3a40efce5c,0
3f6fc29caa,0
7d6a269547,0
a206deadb3,1
172ae18e3e,0
3ac8ee46b7,0
721d2d7bbc,0
4fd22056b3,0
2b1841fd46,0
aee6477d69,0
08583accc5,0
ae9c939e29,0
8e388643b8,0
01c1a0169f,0
aa86bb6386,0
121f7ca3da,0
701ca888c7,0
5603da963d,1
64b8ab7375,1
693af4df4c,0
9ed6724906,1
51318b4f42,1
dd5044a8ac,1
722d973691,0
8f2c4f3b72,1
f4b654ed35,1
05acf5343f,0
2de2cbb63a,0
2331533be6,1
265f9111c0,0
7c2677954c,1
9f006ce4ef,1
470d4cc4ee,0
cf84ffc14f,1
a43ad2b9ac,1
bc3882c42b,1
5372ee35f5,0
6423ea8c07,0
d47b77d7ab,1
411bf01754,0
c76da57125,1
947a0cb55a,0
5d223b0177,0
fb285c7341,1
81d0455f5f,0
c27ad9a4fc,1
81e82c4785,0
84bc22d85c,0
2d49a3e4a3,0
02d57cd50b,0
5e22936183,0
2e30de0781,0
7c1bec680d,1
772ae8b269,1
1d4b740107,0
6b4a46f457,0
a43d6f7d3b,1
03e92a47d9,1
1e79e4e1bd,0
64ac3d1226,1
86a381cb96,1
3cac9bbe90,0
3581c00a8c,0
f1ac06a042,1
2c7c6863ed,0
4c1750787d,1
f1994421cc,1
137a44b6c4,0
2a4138278f,0
3bf1d20dba,1
ed1628c2a5,1
9789ae9923,0
cbbc4b6f11,1
4aa7047f17,0
79ac9ae34d,0
2a0b4a4bd8,0
6b2b4fdea6,1
92b7e2c6f7,0
a64269c9e4,1
2b505c738b,0
5d390ce428,0
2df25759ed,0
4475b96ccd,0
6a96491280,0
696e62e32d,0
a090a3a9e6,1
99d14515e4,0
3b6bd0b0d1,0
8674e49234,0
5cec025855,0
4b55a3c6c3,0
324c55d571,0
121eb4361c,0
2a9c137f95,1
74edab4e1b,1
95ebc0d763,0
3e3634f8cf,0
e0c222c7dd,1
fbdb477ca1,1
4966ded157,0
3a91117e41,0
3b482a7d32,0
4ce3b6957a,0
0580e47573,0
ca31f86318,1
4a211edb64,0
7e7bc358af,0
2731fb1683,1
3f75abb273,0
9ec43e65d5,1
5a30200a69,0
b26725a6d4,1
c75ae4e374,1
e62ef56058,1
3a9dd7626b,0
204c5fedba,0
3da7967508,1
373b8696ec,0
cee8c7d733,1
1373e5cb78,1
64e8ca0181,1
3b1dad372e,0
4df1977f27,0
846d72ffbe,0
1e3eda186e,1
789e986b18,0
7c583850dd,0
93f3df8132,0
621b5be0be,0
d5255356a3,1
93da09b78f,0
7abcea12af,0
232aef8750,0
23453d16c8,0
2b4cd01cc8,1
ba000cea10,1
07299832a8,1
1368fe2097,0
1daf0af29d,0
228a7d42f0,0
1cb11e92e9,0
02fe96388e,1
33e67cd34d,1
348b4017ba,0
6fdcebadec,0
d5a08cdc39,1
eb6ac657a6,1
af5b751187,1
10d45dd698,1
7ab10e3226,0
2525fd4a70,0
2eb2db764c,0
938c4efd14,0
404edff115,0
244ccb9843,0
b6617f9e71,1
415abb8c54,0
2082d85c9d,0
60b5a23da7,1
74bdb58dbf,0
694bae6137,0
e4f6609ce1,1
f392baaac2,1
a2ee5e28d9,1
5e5a10764a,0
0f872bac4e,1
901fa2058a,1
7a834b9d14,0
2acc982f8b,1
8126dd995b,0
2166ee32e6,0
1b1a2dcaea,1
13ea177db6,1
06df3a7578,0
060c8fdee7,1
1d0d7ed17e,0
08154d6b7b,1
d0ff1d6ce6,1
605ddd497c,0
2568f5cf57,0
b44f67f843,1
8750493974,1
6c984ee7f6,0
209e5f2156,0
7c004290c4,0
d11ef8c224,1
2ebeb18920,0
f3366c7295,1
4b053d5b1d,0
461c745f99,0
64d597fcd7,1
6cc8f5463a,1
4eccdbbe89,0
7cf787efcc,0
1139dc270b,0
1261b67249,0
0354dc2907,1
094a0e8f72,1
973749b7ce,1
c9a006f4cc,1
517f0ae994,0
96dcf0473c,1
12e6f536e4,1
20d7d12b21,1
2c09d16ea1,0
7627acfc70,0
5d4eb347dc,0
e4e0813183,1
526cf8989b,0
2c4323272b,0
96d2be3adb,0
938c3de17e,0
bd51c3ba34,1
808b168b62,0
02a2bd8cc2,0
33af64b49a,1
059fb16067,1
475f68c384,1
7ab8e358b2,1
62ac06d17d,1
4f793f3cb4,0
75f4a8502b,0
416d908876,0
dc61341c3c,1
c9279c1877,1
89fc855c8e,0
5f0b735837,0
5f8255bf40,0
5f27f10f88,0
5564c68d8a,0
745845dce0,1
5632c1f884,0
ab009c2cd3,1
842f2b08a0,0
31870f004b,1
4666f33855,1
1f7d35d073,1
105ec70b1d,0
5a6945c8f0,0
1dfb0e8b50,0
9493adda69,0
9527d43102,0
77951bf4b3,1
96c6a3b3a8,0
4c90adc3e9,0
1252c234c1,0
382ed11a01,0
4e6812b21a,0
fba0776067,1
4c3d6fe13b,1
6909e9ec97,0
5da2f2800f,1
54a97c0465,1
3785175b35,1
6795efd7bb,1
551cb206ce,0
4b64bab99b,0
1bac343cea,1
42bf1281ff,1
10be14d6e3,1
4fcd4b7e40,1
2b74726e27,0
6056bc7845,0
157f6cb4db,0
9571b76737,0
453a423d8d,0
4e18905e99,0
4edbc1d835,0
7a2902d550,1
1cd4dc2348,0
6440c0e9a0,0
58afb7977e,1
85356cb39d,1
1661503f74,1
6a00e5f4b4,0
2ad62faab5,0
3352a0291d,0
5ec8b6b768,0
05adc8cbd1,0
